application_id,posting_id,applied_date,status,decision_date
1001,101,2026-06-02,rejected,2026-06-10
1002,102,2026-06-16,rejected,2026-06-25
1003,103,2026-06-04,offer,2026-06-28
1004,104,2026-06-21,interviewing,
1005,105,2026-06-11,rejected,2026-06-18
1006,106,2026-06-13,withdrawn,2026-06-16
1007,107,2026-07-02,screening,
1008,108,2026-06-19,rejected,2026-06-27
1009,109,2026-06-26,applied,
1010,110,2026-06-06,rejected,2026-06-14
1011,111,2026-07-06,interviewing,
1012,112,2026-06-09,offer,2026-06-30
1013,113,2026-07-11,applied,
1014,114,2026-07-16,screening,
1015,115,2026-07-19,applied,
1016,101,2026-06-05,withdrawn,2026-06-06
1017,103,2026-06-07,rejected,2026-06-12
